index,Style,Stock,,,,,,,
18661,MEN5004,43.00,,,,,,,
18662,MEN5009,55.00,,,,,,,
18663,MEN5011,53.00,,,,,,,
18664,MEN5025,34.00,,,,,,,
18665,MEN5015,119.00,,,,,,,
18666,MEN5022,100.00,,,,,,,
18667,MEN5014,152.00,,,,,,,
18668,MEN5013,37.00,,,,,,,
18669,MEN5003,114.00,,,,,,,
18670,MEN5028,73.00,,,,,,,
18671,MEN5006,128.00,,,,,,,
18672,BL097,144.00,,,,,,,
18673,BL104,45.00,,,,,,,
18674,BL103,97.00,,,,,,,
18675,J0001,311.00,,,,,,,
18676,JNE3660,129.00,,,,,,,
18677,JNE3647,8.00,,,,,,,
18678,J0116,40.00,,,,,,,
18679,J0165,127.00,,,,,,,
18680,JNE3656,97.00,,,,,,,
18681,JNE3673,66.00,,,,,,,
18682,JNE3649,15.00,,,,,,,
18683,JNE3653,9.00,,,,,,,
18684,JNE3651,97.00,,,,,,,
18685,JNE3712,147.00,,,,,,,
18686,J0036,11.00,,,,,,,
18687,JNE3658,89.00,,,,,,,
18688,JNE3652,34.00,,,,,,,
18689,JNE3643,10.00,,,,,,,
18690,JNE3672,38.00,,,,,,,
18691,JNE3674,231.00,,,,,,,
18692,JNE3670,25.00,,,,,,,
18693,J0122,24.00,,,,,,,
18694,J0119,289.00,,,,,,,
18695,JNE3421,108.00,,,,,,,
18696,JNE3467,49.00,,,,,,,
18697,JNE3030,329.00,,,,,,,
18698,JNE3657,16.00,,,,,,,
18699,JNE3667,53.00,,,,,,,
18700,J0092,43.00,,,,,,,
18701,JNE3659,212.00,,,,,,,
18702,J0214,40.00,,,,,,,
18703,J0201,39.00,,,,,,,
18704,J0197,90.00,,,,,,,
18705,J0213,206.00,,,,,,,
18706,JNE3640,194.00,,,,,,,
18707,J0233,491.00,,,,,,,
18708,J0237,59.00,,,,,,,
18709,J0234,104.00,,,,,,,
18710,JNE3535,116.00,,,,,,,
18711,JNE3497,4.00,,,,,,,
18712,JNE1525,6171.00,,,,,,,
18713,JNE2305,1486.00,,,,,,,
18714,JNE3365,175.00,,,,,,,
18715,JNE2270,1600.00,,,,,,,
18716,SET094,52.00,,,,,,,
18717,JNE2049,32.00,,,,,,,
18718,CH202,32.00,,,,,,,
18719,BTM029,30.00,,,,,,,
18720,BTM008,81.00,,,,,,,
18721,BTM035,20.00,,,,,,,
18722,CH209,18.00,,,,,,,
18723,CH208,31.00,,,,,,,
18724,CH207,19.00,,,,,,,
18725,CH205,31.00,,,,,,,
18726,CH213,23.00,,,,,,,
18727,J0024,1122.00,,,,,,,
18728,J0109,316.00,,,,,,,
18729,J0110,117.00,,,,,,,
18730,J0127,311.00,,,,,,,
18731,J0281,84.00,,,,,,,
18732,J0285,164.00,,,,,,,
18733,JNE3615,429.00,,,,,,,
18734,JNE3619,399.00,,,,,,,
18735,NW005,188.00,,,,,,,
18736,NW006,192.00,,,,,,,
18737,NW013,163.00,,,,,,,
18738,NW031,106.00,,,,,,,
18739,NW032,143.00,,,,,,,
18740,SET217,214.00,,,,,,,
18741,SET220,179.00,,,,,,,
18742,SET058,2064.00,,,,,,,
18743,J0241,25.00,,,,,,,
18744,J0140,17.00,,,,,,,
18745,JNE3669,13.00,,,,,,,
18746,SET182,307.00,,,,,,,
18747,J0239,46.00,,,,,,,
18748,JNE3710,487.00,,,,,,,
18749,JNE3629,82.00,,,,,,,
18750,J0037,109.00,,,,,,,
18751,J0243,172.00,,,,,,,
18752,JNE2100,1219.00,,,,,,,
18753,SET048,83.00,,,,,,,
18754,J0244,155.00,,,,,,,
18755,J0148,140.00,,,,,,,
18756,J0143,17.00,,,,,,,
18757,J0161,21.00,,,,,,,
18758,J0186,30.00,,,,,,,
18759,JNE2265,536.00,,,,,,,
18760,BL099,32.00,,,,,,,
18761,JNE3288,468.00,,,,,,,
18762,JNE3405,107.00,,,,,,,
18763,JNE3439,573.00,,,,,,,
18764,JNE3489,495.00,,,,,,,
18765,JNE3560,236.00,,,,,,,
18766,JNE3612,251.00,,,,,,,
18767,MEN5005,31.00,,,,,,,
18768,MEN5016,28.00,,,,,,,
18769,MEN5029,123.00,,,,,,,
18770,J0178,10.00,,,,,,,
18771,JNE3609,678.00,,,,,,,
18772,J0204,50.00,,,,,,,
18773,J0202,55.00,,,,,,,
18774,J0117,467.00,,,,,,,
18775,J0115,55.00,,,,,,,
18776,J0118,521.00,,,,,,,
18777,SET236,40.00,,,,,,,
18778,JNE3713,48.00,,,,,,,
18779,SET196,429.00,,,,,,,
18780,SET260,12.00,,,,,,,
18781,SET194,926.00,,,,,,,
18782,J0246,358.00,,,,,,,
18783,J0242,232.00,,,,,,,
18784,J0130,46.00,,,,,,,
18785,SET268,1617.00,,,,,,,
18786,SET263,206.00,,,,,,,
18787,SET262,123.00,,,,,,,
18788,SET229,112.00,,,,,,,
18789,JNE3605,65.00,,,,,,,
18790,J0279,289.00,,,,,,,
18791,J0138,18.00,,,,,,,
18792,J0207,47.00,,,,,,,
18793,MEN5008,88.00,,,,,,,
18794,SET098,426.00,,,,,,,
18795,SET062,161.00,,,,,,,
18796,J0041,147.00,,,,,,,
18797,SET144,23.00,,,,,,,
18798,SET110,376.00,,,,,,,
18799,SET250,417.00,,,,,,,
18800,SET073,1787.00,,,,,,,
18801,J0007,402.00,,,,,,,
18802,J0284,27.00,,,,,,,
18803,J0230,800.00,,,,,,,
18804,J0011,310.00,,,,,,,
18805,SET238,92.00,,,,,,,
18806,SET227,54.00,,,,,,,
18807,SET228,191.00,,,,,,,
18808,SET234,1.00,,,,,,,
18809,SET235,11.00,,,,,,,
18810,SET206,3.00,,,,,,,
18811,SET231,0.00,,,,,,,
18812,SET240,299.00,,,,,,,
18813,J0137,291.00,,,,,,,
18814,SET210,54.00,,,,,,,
18815,SET241,2.00,,,,,,,
18816,SET225,58.00,,,,,,,
18817,SET233,100.00,,,,,,,
18818,J0211,191.00,,,,,,,
18819,JNE3697,56.00,,,,,,,
18820,J0035,15.00,,,,,,,
18821,JNE3391,58.00,,,,,,,
18822,JNE3628,146.00,,,,,,,
18823,J0212,194.00,,,,,,,
18824,SET100,98.00,,,,,,,
18825,J0151,26.00,,,,,,,
18826,J0283,162.00,,,,,,,
18827,JNE3364,243.00,,,,,,,
18828,J0177,20.00,,,,,,,
18829,J0104,29.00,,,,,,,
18830,JNE3256,302.00,,,,,,,
18831,JNE3464,0.00,,,,,,,
18832,J0033,72.00,,,,,,,
18833,JNE3637,150.00,,,,,,,
18834,JNE3523,25.00,,,,,,,
18835,JNE3688,21.00,,,,,,,
18836,JNE3679,25.00,,,,,,,
18837,J0180,27.00,,,,,,,
18838,JNE3709,115.00,,,,,,,
18839,J0093,16.00,,,,,,,
18840,SET038,431.00,,,,,,,
18841,SET187,1061.00,,,,,,,
18842,J0023,26.00,,,,,,,
18843,JNE3676,281.00,,,,,,,
18844,JNE3686,33.00,,,,,,,
18845,J0196,87.00,,,,,,,
18846,J0129,3.00,,,,,,,
18847,J0098,21.00,,,,,,,
18848,JNE2170,423.00,,,,,,,
18849,SET251,323.00,,,,,,,
18850,SET188,660.00,,,,,,,
18851,SET249,257.00,,,,,,,
18852,SET043,502.00,,,,,,,
18853,SET244,221.00,,,,,,,
18854,SET226,158.00,,,,,,,
18855,SET186,588.00,,,,,,,
18856,J0245,90.00,,,,,,,
18857,JNE3479,279.00,,,,,,,
18858,JNE3576,385.00,,,,,,,
18859,JNE3225,15.00,,,,,,,
18860,JNE3474,209.00,,,,,,,
18861,JNE3273,139.00,,,,,,,
18862,JNE3635,640.00,,,,,,,
18863,JNE3557,201.00,,,,,,,
18864,JNE3566,196.00,,,,,,,
18865,JNE3555,58.00,,,,,,,
18866,J0185,25.00,,,,,,,
18867,JNE3554,86.00,,,,,,,
18868,SET055,528.00,,,,,,,
18869,JNE3547,37.00,,,,,,,
18870,SET171,135.00,,,,,,,
18871,J0277,431.00,,,,,,,
18872,J0282,326.00,,,,,,,
18873,J0088,180.00,,,,,,,
18874,J0081,120.00,,,,,,,
18875,J0084,0.00,,,,,,,
18876,J0090,148.00,,,,,,,
18877,MEN5032,53.00,,,,,,,
18878,MEN5021,74.00,,,,,,,
18879,SET195,44.00,,,,,,,
18880,JNE3549,230.00,,,,,,,
18881,J0171,103.00,,,,,,,
18882,J0341,237.00,,,,,,,
18883,J0335,278.00,,,,,,,
18884,J0194,51.00,,,,,,,
18885,JNE3625,253.00,,,,,,,
18886,J0034,194.00,,,,,,,
18887,J0057,40.00,,,,,,,
18888,JNE3683,23.00,,,,,,,
18889,JNE3680,72.00,,,,,,,
18890,J0048,24.00,,,,,,,
18891,JNE3662,32.00,,,,,,,
18892,SET272,190.00,,,,,,,
18893,JNE3639,217.00,,,,,,,
18894,JNE3678,38.00,,,,,,,
18895,NW009,97.00,,,,,,,
18896,J0210,63.00,,,,,,,
18897,J0353,179.00,,,,,,,
18898,J0236,38.00,,,,,,,
18899,J0004,519.00,,,,,,,
18900,SET243,197.00,,,,,,,
18901,SET145,82.00,,,,,,,
18902,J0135,119.00,,,,,,,
18903,SET269,483.00,,,,,,,
18904,SET200,159.00,,,,,,,
18905,SET199,356.00,,,,,,,
18906,SET275,87.00,,,,,,,
18907,SET201,54.00,,,,,,,
18908,SET131,290.00,,,,,,,
18909,SET037,77.00,,,,,,,
18910,SET273,1933.00,,,,,,,
18911,SET164,0.00,,,,,,,
18912,SET205,76.00,,,,,,,
18913,J0134,41.00,,,,,,,
18914,SET197,346.00,,,,,,,
18915,SET270,19.00,,,,,,,
18916,SET183,1390.00,,,,,,,
18917,J0009,626.00,,,,,,,
18918,SET083,60.00,,,,,,,
18919,J0147,66.00,,,,,,,
18920,J0121,25.00,,,,,,,
18921,J0176,121.00,,,,,,,
18922,J0189,257.00,,,,,,,
18923,JNE3664,50.00,,,,,,,
18924,J0114,92.00,,,,,,,
18925,J0080,2.00,,,,,,,
18926,JNE3684,25.00,,,,,,,
18927,BTM005,1568.00,,,,,,,
18928,BTM031,305.00,,,,,,,
18929,BTM002,924.00,,,,,,,
18930,BTM021,957.00,,,,,,,
18931,BTM027,237.00,,,,,,,
18932,BTM030,58.00,,,,,,,
18933,BTM041,156.00,,,,,,,
18934,BTM045,166.00,,,,,,,
18935,BTM047,116.00,,,,,,,
18936,BTM040,97.00,,,,,,,
18937,BTM042,150.00,,,,,,,
18938,J0016,17.00,,,,,,,
18939,J0158,41.00,,,,,,,
18940,J0154,17.00,,,,,,,
18941,JNE3422,65.00,,,,,,,
18942,JNE3440,933.00,,,,,,,
18943,JNE3574,12.00,,,,,,,
18944,JNE3423,833.00,,,,,,,
18945,JNE3446,24.00,,,,,,,
18946,JNE1977,129.00,,,,,,,
18947,JNE1978,1.00,,,,,,,
18948,JNE3455,8.00,,,,,,,
18949,JNE1998,29.00,,,,,,,
18950,JNE3042,36.00,,,,,,,
18951,JNE3575,131.00,,,,,,,
18952,JNE3627,146.00,,,,,,,
18953,JNE3606,83.00,,,,,,,
18954,JNE2014,237.00,,,,,,,
18955,JNE3420,4.00,,,,,,,
18956,JNE3443,326.00,,,,,,,
18957,JNE3386,8.00,,,,,,,
18958,JNE2307,22.00,,,,,,,
18959,JNE3396,191.00,,,,,,,
18960,J0022,9.00,,,,,,,
18961,J0142,78.00,,,,,,,
18962,JNE3578,79.00,,,,,,,
18963,JNE3454,145.00,,,,,,,
18964,JNE3562,71.00,,,,,,,
18965,JNE3577,219.00,,,,,,,
18966,JNE3506,136.00,,,,,,,
18967,J0083,516.00,,,,,,,
18968,J0187,73.00,,,,,,,
18969,JNE3313,454.00,,,,,,,
18970,J0012,459.00,,,,,,,
18971,MEN5030,57.00,,,,,,,
18972,MEN5031,169.00,,,,,,,
18973,NW002,269.00,,,,,,,
18974,J0336,152.00,,,,,,,
18975,JNE3708,37.00,,,,,,,
18976,JNE3665,350.00,,,,,,,
18977,AN204,24.00,,,,,,,
18978,JNE3706,107.00,,,,,,,
18979,SET278,44.00,,,,,,,
18980,JNE3759,476.00,,,,,,,
18981,NW029,156.00,,,,,,,
18982,MEN5026,75.00,,,,,,,
18983,JNE3160,43.00,,,,,,,
18984,JNE3634,251.00,,,,,,,
18985,JNE3399,43.00,,,,,,,
18986,JNE3518,260.00,,,,,,,
18987,JNE3471,101.00,,,,,,,
18988,JNE3556,246.00,,,,,,,
18989,JNE3526,25.00,,,,,,,
18990,JNE3695,40.00,,,,,,,
18991,JNE3445,258.00,,,,,,,
18992,JNE3435,1213.00,,,,,,,
18993,SET254,44.00,,,,,,,
18994,SET276,503.00,,,,,,,
18995,SET154,225.00,,,,,,,
18996,JNE3065,68.00,,,,,,,
18997,J0139,0.00,,,,,,,
18998,JNE3668,53.00,,,,,,,
18999,JNE3534,42.00,,,,,,,
19000,JNE3571,428.00,,,,,,,
19001,SET264,2256.00,,,,,,,
19002,JNE3722,171.00,,,,,,,
19003,J0209,280.00,,,,,,,
19004,BL025,146.00,,,,,,,
19005,BL026,90.00,,,,,,,
19006,BL023,78.00,,,,,,,
19007,BL024,113.00,,,,,,,
19008,SET287,499.00,,,,,,,
19009,SET281,234.00,,,,,,,
19010,SET285,81.00,,,,,,,
19011,J0179,99.00,,,,,,,
19012,SET286,258.00,,,,,,,
19013,SET291,58.00,,,,,,,
19014,J0295,36.00,,,,,,,
19015,J0338,43.00,,,,,,,
19016,J0153,77.00,,,,,,,
19017,J0172,232.00,,,,,,,
19018,J0203,129.00,,,,,,,
19019,J0339,586.00,,,,,,,
19020,JNE3689,142.00,,,,,,,
19021,JNE3671,158.00,,,,,,,
19022,J0014,326.00,,,,,,,
19023,JNE3687,67.00,,,,,,,
19024,JNE3255,229.00,,,,,,,
19025,BTM033,6.00,,,,,,,
19026,AN209,67.00,,,,,,,
19027,BTM032,13.00,,,,,,,
19028,BL013,480.00,,,,,,,
19029,BL100,33.00,,,,,,,
19030,BL102,39.00,,,,,,,
19031,BL098,216.00,,,,,,,
19032,BL109,148.00,,,,,,,
19033,BL093,21.00,,,,,,,
19034,BL055,21.00,,,,,,,
19035,BL085,82.00,,,,,,,
19036,BL091,30.00,,,,,,,
19037,BL009,215.00,,,,,,,
19038,BL087,89.00,,,,,,,
19039,J0025,38.00,,,,,,,
19040,J0170,45.00,,,,,,,
19041,J0078,115.00,,,,,,,
19042,J0120,10.00,,,,,,,
19043,J0343,95.00,,,,,,,
19044,JNE3621,204.00,,,,,,,
19045,J0157,34.00,,,,,,,
19046,JNE3691,158.00,,,,,,,
19047,JNE3744,27.00,,,,,,,
19048,JNE3616,38.00,,,,,,,
19049,JNE2266,293.00,,,,,,,
19050,JNE3714,266.00,,,,,,,
19051,JNE2291,658.00,,,,,,,
19052,JNE3425,55.00,,,,,,,
19053,SET253,298.00,,,,,,,
19054,JNE3311,32.00,,,,,,,
19055,JNE3614,547.00,,,,,,,
19056,JNE3294,202.00,,,,,,,
19057,JNE3363,289.00,,,,,,,
19058,JNE3432,155.00,,,,,,,
19059,JNE2032,493.00,,,,,,,
19060,JNE3388,0.00,,,,,,,
19061,SET036,5.00,,,,,,,
19062,JNE3459,273.00,,,,,,,
19063,JNE3437,298.00,,,,,,,
19064,JNE3428,17.00,,,,,,,
19065,JNE3579,84.00,,,,,,,
19066,JNE3717,477.00,,,,,,,
19067,J0175,150.00,,,,,,,
19068,J0174,22.00,,,,,,,
19069,JNE2009,121.00,,,,,,,
19070,JNE3383,272.00,,,,,,,
19071,J0123,28.00,,,,,,,
19072,J0152,138.00,,,,,,,
19073,J0166,45.00,,,,,,,
19074,J0208,206.00,,,,,,,
19075,JNE3366,1214.00,,,,,,,
19076,JNE3501,235.00,,,,,,,
19077,JNE3522,633.00,,,,,,,
19078,JNE3642,26.00,,,,,,,
19079,SET258,45.00,,,,,,,
19080,BTM026,90.00,,,,,,,
19081,J0205,45.00,,,,,,,
19082,JNE3725,90.00,,,,,,,
19083,J0108,37.00,,,,,,,
19084,JNE3548,521.00,,,,,,,
19085,SET248,53.00,,,,,,,
19086,JNE3645,54.00,,,,,,,
19087,JNE3661,61.00,,,,,,,
19088,JNE3666,48.00,,,,,,,
19089,JNE3663,10.00,,,,,,,
19090,SET252,2260.00,,,,,,,
19091,J0346,112.00,,,,,,,
19092,BTM038,53.00,,,,,,,
19093,SET172,35.00,,,,,,,
19094,JNE3581,139.00,,,,,,,
19095,JNE3704,77.00,,,,,,,
19096,J0278,63.00,,,,,,,
19097,SET232,273.00,,,,,,,
19098,SET289,259.00,,,,,,,
19099,MEN5027,119.00,,,,,,,
19100,MEN5007,161.00,,,,,,,
19101,MEN5019,91.00,,,,,,,
19102,MEN5024,135.00,,,,,,,
19103,MEN5001,173.00,,,,,,,
19104,JNE3480,125.00,,,,,,,
19105,JNE3553,241.00,,,,,,,
19106,JNE3546,52.00,,,,,,,
19107,JNE3622,95.00,,,,,,,
19108,JNE3516,304.00,,,,,,,
19109,J0126,223.00,,,,,,,
19110,SET198,62.00,,,,,,,
19111,J0162,372.00,,,,,,,
19112,J0131,28.00,,,,,,,
19113,JNE3718,254.00,,,,,,,
19114,JNE3693,7.00,,,,,,,
19115,JNE3719,286.00,,,,,,,
19116,JNE3716,67.00,,,,,,,
19117,JNE3758,398.00,,,,,,,
19118,SET267,63.00,,,,,,,
19119,SET266,175.00,,,,,,,
19120,JNE3728,103.00,,,,,,,
19121,JNE3729,45.00,,,,,,,
19122,JNE3721,190.00,,,,,,,
19123,JNE3739,437.00,,,,,,,
19124,JNE3740,456.00,,,,,,,
19125,JNE3504,48.00,,,,,,,
19126,JNE3756,241.00,,,,,,,
19127,JNE3757,226.00,,,,,,,
19128,JNE3638,413.00,,,,,,,
19129,JNE3500,68.00,,,,,,,
19130,JNE3724,65.00,,,,,,,
19131,SET265,591.00,,,,,,,
19132,BTM003,252.00,,,,,,,
19133,AN202,79.00,,,,,,,
19134,AN205,52.00,,,,,,,
19135,JNE3449,38.00,,,,,,,
19136,JNE3565,74.00,,,,,,,
19137,JNE3507,3.00,,,,,,,
19138,JNE2101,10.00,,,,,,,
19139,JNE3624,4.00,,,,,,,
19140,J0188,14.00,,,,,,,
19141,JNE3567,261.00,,,,,,,
19142,J0091,115.00,,,,,,,
19143,JNE3644,9.00,,,,,,,
19144,JNE3641,25.00,,,,,,,
19145,JNE3648,159.00,,,,,,,
19146,JNE3415,27.00,,,,,,,
19147,J0097,181.00,,,,,,,
19148,J0144,15.00,,,,,,,
19149,J0199,28.00,,,,,,,
19150,JNE1234,387.00,,,,,,,
19151,JNE1408,3204.00,,,,,,,
19152,JNE2199,723.00,,,,,,,
19153,JNE3373,2086.00,,,,,,,
19154,JNE3404,20.00,,,,,,,
19155,JNE3463,329.00,,,,,,,
19156,JNE3537,48.00,,,,,,,
19157,MEN5023,49.00,,,,,,,
19158,SET203,256.00,,,,,,,
19159,SET242,43.00,,,,,,,
19160,J0297,35.00,,,,,,,
19161,J0190,95.00,,,,,,,
19162,J0310,96.00,,,,,,,
19163,BTM046,85.00,,,,,,,
19164,SET053,68.00,,,,,,,
19165,SET014,184.00,,,,,,,
19166,SET230,74.00,,,,,,,
19167,J0182,6.00,,,,,,,
19168,J0164,204.00,,,,,,,
19169,J0350,82.00,,,,,,,
19170,JNE3570,5.00,,,,,,,
19171,SET261,6.00,,,,,,,
19172,J0240,167.00,,,,,,,
19173,JNE2171,333.00,,,,,,,
19174,J0096,594.00,,,,,,,
19175,SET282,107.00,,,,,,,
19176,J0304,15.00,,,,,,,
19177,J0198,186.00,,,,,,,
19178,MEN5018,235.00,,,,,,,
19179,J0307,94.00,,,,,,,
19180,JNE3580,19.00,,,,,,,
19181,J0302,24.00,,,,,,,
19182,J0291,72.00,,,,,,,
19183,J0094,86.00,,,,,,,
19184,SET271,38.00,,,,,,,
19185,SET280,29.00,,,,,,,
19186,JNE3457,94.00,,,,,,,
19187,JNE3441,227.00,,,,,,,
19188,JNE3261,181.00,,,,,,,
19189,JNE3438,76.00,,,,,,,
19190,JNE3620,39.00,,,,,,,
19191,JNE3371,24.00,,,,,,,
19192,JNE3252,619.00,,,,,,,
19193,SET044,476.00,,,,,,,
19194,SET193,209.00,,,,,,,
19195,SET245,759.00,,,,,,,
19196,J0173,97.00,,,,,,,
19197,MEN5010,31.00,,,,,,,
19198,MEN5012,210.00,,,,,,,
19199,JNE3563,46.00,,,,,,,
19200,JNE2205,40.00,,,,,,,
19201,JNE2132,56.00,,,,,,,
19202,JNE2251,15.00,,,,,,,
19203,JNE2113,13.00,,,,,,,
19204,SET219,199.00,,,,,,,
19205,SET191,62.00,,,,,,,
19206,JNE3469,9.00,,,,,,,
19207,JNE3390,11.00,,,,,,,
19208,SET097,213.00,,,,,,,
19209,JNE3348,344.00,,,,,,,
19210,J0021,6.00,,,,,,,
19211,J0042,21.00,,,,,,,
19212,JNE3524,16.00,,,,,,,
19213,JNE3559,176.00,,,,,,,
19214,SET290,52.00,,,,,,,
19215,J0308,79.00,,,,,,,
19216,J0238,48.00,,,,,,,
19217,J0077,39.00,,,,,,,
19218,SET156,185.00,,,,,,,
19219,SET239,28.00,,,,,,,
19220,JNE2153,309.00,,,,,,,
19221,J0103,346.00,,,,,,,
19222,J0079,211.00,,,,,,,
19223,JNE3434,37.00,,,,,,,
19224,JNE3654,174.00,,,,,,,
19225,JNE3573,17.00,,,,,,,
19226,JNE3403,76.00,,,,,,,
19227,JNE3564,593.00,,,,,,,
19228,JNE3698,97.00,,,,,,,
19229,J0195,100.00,,,,,,,
19230,JNE3568,350.00,,,,,,,
19231,BTM039,62.00,,,,,,,
19232,JNE3742,399.00,,,,,,,
19233,JNE3368,970.00,,,,,,,
19234,SET158,424.00,,,,,,,
19235,SET138,25.00,,,,,,,
19236,SET274,36.00,,,,,,,
19237,J0008,1605.00,,,,,,,
19238,J0005,66.00,,,,,,,
19239,JNE3408,188.00,,,,,,,
19240,JNE3741,252.00,,,,,,,
19241,JNE3613,1584.00,,,,,,,
19242,SET184,62.00,,,,,,,
19243,SET247,108.00,,,,,,,
19244,SET130,362.00,,,,,,,
19245,MEN5017,33.00,,,,,,,
19246,J0292,22.00,,,,,,,
19247,BL050,70.00,,,,,,,
19248,BL011,24.00,,,,,,,
19249,JNE3427,18.00,,,,,,,
19250,J0010,172.00,,,,,,,
19251,SET279,193.00,,,,,,,
19252,BL014,72.00,,,,,,,
19253,J0136,388.00,,,,,,,
19254,J0013,95.00,,,,,,,
19255,JNE3762,418.00,,,,,,,
19256,JNE3738,515.00,,,,,,,
19257,J0183,10.00,,,,,,,
19258,MEN5020,24.00,,,,,,,
19259,SET277,211.00,,,,,,,
19260,JNE3703,271.00,,,,,,,
19261,J0306,105.00,,,,,,,
19262,MEN5002,114.00,,,,,,,
19263,SET128,371.00,,,,,,,
19264,J0145,17.00,,,,,,,
19265,JNE3636,372.00,,,,,,,
19266,SET218,65.00,,,,,,,
19267,SET246,217.00,,,,,,,
19268,J0043,20.00,,,,,,,
19269,SET202,3.00,,,,,,,
19270,JNE1951,148.00,,,,,,,
19271,JNE3400,89.00,,,,,,,
19272,SET223,63.00,,,,,,,
19273,JNE3561,106.00,,,,,,,
19274,JNE3607,1128.00,,,,,,,
19275,J0294,30.00,,,,,,,
19276,JNE3701,757.00,,,,,,,
19277,JNE3633,113.00,,,,,,,
19278,J0342,105.00,,,,,,,
19279,JNE3617,568.00,,,,,,,
19280,JNE3610,71.00,,,,,,,
19281,J0296,28.00,,,,,,,
19282,J0305,25.00,,,,,,,
19283,SET209,212.00,,,,,,,
19284,SET221,189.00,,,,,,,
19285,SET147,26.00,,,,,,,
19286,J0006,874.00,,,,,,,
19287,JNE3429,35.00,,,,,,,
19288,NW008,340.00,,,,,,,
19289,NW016,146.00,,,,,,,
19290,J0113,30.00,,,,,,,
19291,BTM048,126.00,,,,,,,
19292,BTM044,92.00,,,,,,,
19293,BTM036,96.00,,,,,,,
19294,J0100,24.00,,,,,,,
19295,J0102,158.00,,,,,,,
19296,J0002,581.00,,,,,,,
19297,J0303,3.00,,,,,,,
19298,JNE3539,16.00,,,,,,,
19299,BL092,152.00,,,,,,,
19300,BL020,53.00,,,,,,,
19301,BL107,49.00,,,,,,,
19302,BL084,11.00,,,,,,,
19303,BL078,8.00,,,,,,,
19304,BL030,13.00,,,,,,,
19305,NW030,53.00,,,,,,,
19306,NW014,225.00,,,,,,,
19307,J0333,71.00,,,,,,,
19308,JNE3784,138.00,,,,,,,
19309,JNE3707,171.00,,,,,,,
19310,JNE3631,28.00,,,,,,,
19311,JNE3618,209.00,,,,,,,
19312,JNE3766,233.00,,,,,,,
19313,JNE3767,641.00,,,,,,,
19314,SET297,25.00,,,,,,,
19315,JNE3770,202.00,,,,,,,
19316,J0372,317.00,,,,,,,
19317,JNE3384,151.00,,,,,,,
19318,J0167,126.00,,,,,,,
19319,JNE3611,348.00,,,,,,,
19320,J0347,82.00,,,,,,,
19321,JNE3488,19.00,,,,,,,
19322,JNE3472,33.00,,,,,,,
19323,J0101,86.00,,,,,,,
19324,SET316,113.00,,,,,,,
19325,J0003,90.00,,,,,,,
19326,SET328,302.00,,,,,,,
19327,SET384,406.00,,,,,,,
19328,SET303,235.00,,,,,,,
19329,J0369,137.00,,,,,,,
19330,SET386,126.00,,,,,,,
19331,JNE3791,320.00,,,,,,,
19332,J0159,63.00,,,,,,,
19333,J0293,27.00,,,,,,,
19334,J0298,22.00,,,,,,,
19335,SAR086,0.00,,,,,,,
19336,SAR079,0.00,,,,,,,
19337,SAR043,32.00,,,,,,,
19338,SAR044,87.00,,,,,,,
19339,SAR045,21.00,,,,,,,
19340,SAR046,105.00,,,,,,,
19341,SAR033,5.00,,,,,,,
19342,NW003,162.00,,,,,,,
19343,NW012,158.00,,,,,,,
19344,BL111,38.00,,,,,,,
19345,BL110,54.00,,,,,,,
19346,BL086,22.00,,,,,,,
19347,BL113,76.00,,,,,,,
19348,JNE3690,59.00,,,,,,,
19349,PJNE3440,11.00,,,,,,,
19350,PJ0096,12.00,,,,,,,
19351,JNE3769,126.00,,,,,,,
19352,J0086,1.00,,,,,,,
19353,J0252,41.00,,,,,,,
19354,JNE3510,64.00,,,,,,,
19355,BTM037,65.00,,,,,,,
19356,J0089,43.00,,,,,,,
19357,J0087,271.00,,,,,,,
19358,J0085,62.00,,,,,,,
19359,PJNE3423,9.00,,,,,,,
19360,PJNE3252,581.00,,,,,,,
19361,PJNE2014,23.00,,,,,,,
19362,PJNE3405,9.00,,,,,,,
19363,PJNE3404,15.00,,,,,,,
19364,PJNE3421,99.00,,,,,,,
19365,J0105,107.00,,,,,,,
19366,J0235,338.00,,,,,,,
19367,J0280,280.00,,,,,,,
19368,PJNE3568,34.00,,,,,,,
19369,PJNE3445,96.00,,,,,,,
19370,PJNE3439,11.00,,,,,,,
19371,PJNE2270,20.00,,,,,,,
19372,PJNE2100,14.00,,,,,,,
19373,NW020,76.00,,,,,,,
19374,NW036,144.00,,,,,,,
19375,J0112,20.00,,,,,,,
19376,J0345,131.00,,,,,,,
19377,NW027,44.00,,,,,,,
19378,PJNE2199,274.00,,,,,,,
19379,PSET264,167.00,,,,,,,
19380,PJNE3399,14.00,,,,,,,
19381,PJNE1906,71.00,,,,,,,
19382,SET351,232.00,,,,,,,
19383,SET345,563.00,,,,,,,
19384,SET334,271.00,,,,,,,
19385,SET329,80.00,,,,,,,
19386,SET326,324.00,,,,,,,
19387,SET325,55.00,,,,,,,
19388,J0248,69.00,,,,,,,
19389,J0132,28.00,,,,,,,
19390,J0334,92.00,,,,,,,
19391,JNE3376,183.00,,,,,,,
19392,JNE3764,359.00,,,,,,,
19393,J0332,92.00,,,,,,,
19394,J0225,273.00,,,,,,,
19395,SET295,26.00,,,,,,,
19396,SET305,117.00,,,,,,,
19397,SET319,108.00,,,,,,,
19398,JNE3630,188.00,,,,,,,
19399,SET321,359.00,,,,,,,
19400,JNE3765,741.00,,,,,,,
19401,SET336,21.00,,,,,,,
19402,JNE3550,3.00,,,,,,,
19403,JNE3776,112.00,,,,,,,
19404,JNE3781,259.00,,,,,,,
19405,J0184,49.00,,,,,,,
19406,J0337,134.00,,,,,,,
19407,JNE3558,6.00,,,,,,,
19408,JNE3777,221.00,,,,,,,
19409,JNE3795,1316.00,,,,,,,
19410,J0247,241.00,,,,,,,
19411,JNE1906,685.00,,,,,,,
19412,JNE3750,73.00,,,,,,,
19413,JNE3751,194.00,,,,,,,
19414,JNE3763,474.00,,,,,,,
19415,JNE3782,39.00,,,,,,,
19416,JNE3783,40.00,,,,,,,
19417,JNE3788,205.00,,,,,,,
19418,JNE3789,40.00,,,,,,,
19419,PJNE3363,19.00,,,,,,,
19420,PJNE3373,173.00,,,,,,,
19421,SET306,251.00,,,,,,,
19422,J0348,185.00,,,,,,,
19423,JNE3541,2.00,,,,,,,
19424,JNE3730,579.00,,,,,,,
19425,JNE3778,226.00,,,,,,,
19426,JNE3819,61.00,,,,,,,
19427,JNE3820,39.00,,,,,,,
19428,JNE3821,33.00,,,,,,,
19429,JNE3822,258.00,,,,,,,
19430,JNE3823,35.00,,,,,,,
19431,JNE3825,33.00,,,,,,,
19432,SET383,184.00,,,,,,,
19433,SET385,176.00,,,,,,,
19434,SET389,154.00,,,,,,,
19435,SET293,49.00,,,,,,,
19436,J0095,149.00,,,,,,,
19437,J0349,73.00,,,,,,,
19438,JNE1233,145.00,,,,,,,
19439,J0329,114.00,,,,,,,
19440,J0373,211.00,,,,,,,
19441,SET132,201.00,,,,,,,
19442,J0370,328.00,,,,,,,
19443,JNE3753,191.00,,,,,,,
19444,SET352,361.00,,,,,,,
19445,JNE3805,526.00,,,,,,,
19446,SET313,246.00,,,,,,,
19447,SET300,249.00,,,,,,,
19448,J0379,405.00,,,,,,,
19449,J0382,144.00,,,,,,,
19450,J0380,232.00,,,,,,,
19451,JNE3743,255.00,,,,,,,
19452,SET075,30.00,,,,,,,
19453,JNE3749,274.00,,,,,,,
19454,J0249,34.00,,,,,,,
19455,J0192,0.00,,,,,,,
19456,JNE3761,993.00,,,,,,,
19457,JNE3461,205.00,,,,,,,
19458,SET302,127.00,,,,,,,
19459,J0250,271.00,,,,,,,
19460,SET333,51.00,,,,,,,
19461,JNE3727,322.00,,,,,,,
19462,SET323,54.00,,,,,,,
19463,SET374,94.00,,,,,,,
19464,JNE3775,625.00,,,,,,,
19465,JNE3794,469.00,,,,,,,
19466,JNE3447,46.00,,,,,,,
19467,J0371,66.00,,,,,,,
19468,SET392,21.00,,,,,,,
19469,JNE3768,406.00,,,,,,,
19470,JNE3773,95.00,,,,,,,
19471,JNE3774,85.00,,,,,,,
19472,JNE3804,943.00,,,,,,,
19473,SET353,403.00,,,,,,,
19474,SET331,441.00,,,,,,,
19475,SET324,42.00,,,,,,,
19476,SET308,207.00,,,,,,,
19477,SET318,167.00,,,,,,,
19478,JNE3792,290.00,,,,,,,
19479,SET327,27.00,,,,,,,
19480,JNE09210,3.00,,,,,,,
19481,JNE3771,439.00,,,,,,,
19482,SAR070,62.00,,,,,,,
19483,CMB5,0.00,,,,,,,
19484,J0226,218.00,,,,,,,
19485,SET304,68.00,,,,,,,
19486,SET337,22.00,,,,,,,
19487,J0232,87.00,,,,,,,
19488,JNE3528,11.00,,,,,,,
19489,JNE3802,435.00,,,,,,,
19490,JNE3790,253.00,,,,,,,
19491,J0301,54.00,,,,,,,
19492,J0300,12.00,,,,,,,
19493,JNE3785,180.00,,,,,,,
19494,SET301,403.00,,,,,,,
19495,SAR050,1.00,,,,,,,
19496,SAR049,92.00,,,,,,,
19497,JNE3752,83.00,,,,,,,
19498,JNE3796,137.00,,,,,,,
19499,SET343,278.00,,,,,,,
19500,J0328,36.00,,,,,,,
19501,JNE3816,28.00,,,,,,,
19502,JNE3856,340.00,,,,,,,
19503,JNE3807,21.00,,,,,,,
19504,J0352,32.00,,,,,,,
19505,SET397,43.00,,,,,,,
19506,SET395,499.00,,,,,,,
19507,SET341,339.00,,,,,,,
19508,SET394,275.00,,,,,,,
19509,SET342,413.00,,,,,,,
19510,JNE3837,404.00,,,,,,,
19511,JNE3675,39.00,,,,,,,
19512,J0396,28.00,,,,,,,
19513,J0224,357.00,,,,,,,
19514,J0375,244.00,,,,,,,
19515,J0398,99.00,,,,,,,
19516,JNE3833,28.00,,,,,,,
19517,JNE3834,23.00,,,,,,,
19518,JNE3835,18.00,,,,,,,
19519,JNE3836,38.00,,,,,,,
19520,JNE3863,134.00,,,,,,,
19521,JNE3864,214.00,,,,,,,
19522,JNE3870,61.00,,,,,,,
19523,PSET268,160.00,,,,,,,
19524,SET315,373.00,,,,,,,
19525,SET317,179.00,,,,,,,
19526,SET339,140.00,,,,,,,
19527,SET347,25.00,,,,,,,
19528,SET348,226.00,,,,,,,
19529,SET349,20.00,,,,,,,
19530,SET350,331.00,,,,,,,
19531,SET355,93.00,,,,,,,
19532,SET358,51.00,,,,,,,
19533,SET373,429.00,,,,,,,
19534,SET375,126.00,,,,,,,
19535,SET378,35.00,,,,,,,
19536,SET380,27.00,,,,,,,
19537,SET405,214.00,,,,,,,
19538,SET409,585.00,,,,,,,
19539,SET413,193.00,,,,,,,
19540,JNE3398,42.00,,,,,,,
19541,J0354,277.00,,,,,,,
19542,PJNE3068,45.00,,,,,,,
19543,J0351,67.00,,,,,,,
19544,JNE3068,541.00,,,,,,,
19545,SAR031,0.00,,,,,,,
19546,JNE3726,188.00,,,,,,,
19547,J0344,1533.00,,,,,,,
19548,SAR027,2.00,,,,,,,
19549,SAR038,3.00,,,,,,,
19550,SAR103,9.00,,,,,,,
19551,SAR102,5.00,,,,,,,
19552,J0217,71.00,,,,,,,
19553,JNE3732,376.00,,,,,,,
19554,SET396,496.00,,,,,,,
19555,J0374,101.00,,,,,,,
19556,JNE3734,316.00,,,,,,,
19557,JNE3779,354.00,,,,,,,
19558,JNE3787,74.00,,,,,,,
19559,JNE3797,259.00,,,,,,,
19560,JNE3798,332.00,,,,,,,
19561,JNE3813,32.00,,,,,,,
19562,JNE3880,367.00,,,,,,,
19563,SET307,56.00,,,,,,,
19564,SET340,110.00,,,,,,,
19565,SET346,420.00,,,,,,,
19566,JNE3760,169.00,,,,,,,
19567,BTM043,36.00,,,,,,,
19568,SET224,162.00,,,,,,,
19569,JNE3736,174.00,,,,,,,
19570,JNE3793,475.00,,,,,,,
19571,J0133,30.00,,,,,,,
19572,J0073,40.00,,,,,,,
19573,J0228,110.00,,,,,,,
19574,J0251,164.00,,,,,,,
19575,J0399,76.00,,,,,,,
19576,SET320,36.00,,,,,,,
19577,SET322,58.00,,,,,,,
19578,SET344,89.00,,,,,,,
19579,SET363,70.00,,,,,,,
19580,SET393,38.00,,,,,,,
19581,J0254,106.00,,,,,,,
19582,JNE3780,670.00,,,,,,,
19583,SET332,415.00,,,,,,,
19584,JNE3861,169.00,,,,,,,
19585,SET204,36.00,,,,,,,
19586,PJNE3364,18.00,,,,,,,
19587,SET388,20.00,,,,,,,
19588,JNE3545,10.00,,,,,,,
19589,PJNE2171,32.00,,,,,,,
19590,J0401,36.00,,,,,,,
19591,J0397,143.00,,,,,,,
19592,SET311,409.00,,,,,,,
19593,SET372,372.00,,,,,,,
19594,JNE09187,34.00,,,,,,,
19595,SAR054,50.00,,,,,,,
19596,SAR101,2.00,,,,,,,
19597,SAR029,0.00,,,,,,,
19598,SAR105,13.00,,,,,,,
19599,SAR108,0.00,,,,,,,
19600,SAR110,14.00,,,,,,,
19601,SET376,328.00,,,,,,,
19602,J0395,45.00,,,,,,,
19603,SET338,104.00,,,,,,,
19604,JNE3270,129.00,,,,,,,
19605,JNE3465,104.00,,,,,,,
19606,JNE3515,65.00,,,,,,,
19607,JNE3602,732.00,,,,,,,
19608,JNE3720,1606.00,,,,,,,
19609,JNE3811,125.00,,,,,,,
19610,JNE3655,254.00,,,,,,,
19611,SET330,229.00,,,,,,,
19612,JNE3733,123.00,,,,,,,
19613,JNE3800,178.00,,,,,,,
19614,JNE3817,33.00,,,,,,,
19615,SET366,25.00,,,,,,,
19616,JNE3745,624.00,,,,,,,
19617,JNE3878,543.00,,,,,,,
19618,J0381,347.00,,,,,,,
19619,JNE3623,31.00,,,,,,,
19620,JNE3860,403.00,,,,,,,
19621,JNE3806,152.00,,,,,,,
19622,JNE3879,316.00,,,,,,,
19623,JAN8641,0.00,,,,,,,
19624,SET087,132.00,,,,,,,
19625,JNE3786,243.00,,,,,,,
19626,SET356,125.00,,,,,,,
19627,JNA8641,0.00,,,,,,,
19628,JAN8685,0.00,,,,,,,
19629,JAN8622,0.00,,,,,,,
19630,JAN8612,0.00,,,,,,,
19631,J0216,161.00,,,,,,,
19632,J0355,19.00,,,,,,,
19633,SET359,208.00,,,,,,,
19634,SET377,19.00,,,,,,,
19635,JAN8618,0.00,,,,,,,
19636,JAN8661,0.00,,,,,,,
19637,SET360,53.00,,,,,,,
19638,JNE3865,83.00,,,,,,,
19639,SET401,264.00,,,,,,,
19640,JAN8660,0.00,,,,,,,
19641,J0402,242.00,,,,,,,
19642,J0414,21.00,,,,,,,
19643,SET369,13.00,,,,,,,
19644,SET404,526.00,,,,,,,
19645,J0400,119.00,,,,,,,
19646,J0416,103.00,,,,,,,
19647,JNE3881,33.00,,,,,,,
19648,JNE3893,501.00,,,,,,,
19649,JNE3895,504.00,,,,,,,
19650,PSET058,12.00,,,,,,,
19651,JNE3799,79.00,,,,,,,
19652,SET361,18.00,,,,,,,
19653,SET299,393.00,,,,,,,
19654,SET433,507.00,,,,,,,
19655,JNE3810,350.00,,,,,,,
19656,J0340,131.00,,,,,,,
19657,JNE3855,116.00,,,,,,,
19658,SET364,44.00,,,,,,,
19659,JNE3891,528.00,,,,,,,
19660,JNE3892,497.00,,,,,,,
19661,JNE3894,157.00,,,,,,,
19662,JNE3869,20.00,,,,,,,
19663,PJNE3607,16.00,,,,,,,
19664,JNE3801,314.00,,,,,,,
19665,JNE3866,567.00,,,,,,,
19666,J0106,78.00,,,,,,,
19667,JNE3902,188.00,,,,,,,
19668,JNE3862,474.00,,,,,,,
19669,J0413,259.00,,,,,,,
19670,J0419,313.00,,,,,,,
19671,JNE3905,299.00,,,,,,,
19672,JAN8623,0.00,,,,,,,
19673,J0391,270.00,,,,,,,
19674,J0390,240.00,,,,,,,